<?xml version="1.0" encoding="UTF-8"?>
<beans xmlns="http://www.springframework.org/schema/beans"
	xmlns:xsi="http://www.w3.org/2001/XMLSchema-instance" xmlns:tx="http://www.springframework.org/schema/tx"
	xmlns:context="http://www.springframework.org/schema/context"
	xmlns:jpa="http://www.springframework.org/schema/data/jpa"
	xsi:schemaLocation="http://www.springframework.org/schema/beans http://www.springframework.org/schema/beans/spring-beans-4.0.xsd
		http://www.springframework.org/schema/data/jpa http://www.springframework.org/schema/data/jpa/spring-jpa-1.3.xsd
		http://www.springframework.org/schema/tx http://www.springframework.org/schema/tx/spring-tx-4.0.xsd
		http://www.springframework.org/schema/context http://www.springframework.org/schema/context/spring-context-4.0.xsd">

	<context:component-scan base-package="dao,service" />

	<!-- Password encryptor -->
	<bean id="basicEncrypt" class="org.jasypt.util.password.BasicPasswordEncryptor" />

	<bean id="property"
		class="org.springframework.beans.factory.config.PropertyPlaceholderConfigurer">
		<property name="locations">
			<list>
				<value>classpath:/META-INF/properties/config-persistence.properties
				</value>
			</list>
		</property>
	</bean>

<!-- 	<bean id="dataSource" class="com.mchange.v2.c3p0.ComboPooledDataSource"> -->
<!-- 		<property name="driverClass" value="${db.driver}" /> -->
<!-- 		<property name="jdbcUrl" value="${db.url}" /> -->
<!-- 		<property name="user" value="${db.username}" /> -->
<!-- 		<property name="password" value="${db.password}" /> -->
<!-- 		<property name="initialPoolSize" value="${db.pool.init_size}" /> -->
<!-- 	</bean> -->


	<!-- JPA Entity Manager Factory definition -->
	<!-- Use hibernate as JPA Implementation -->
	<bean id="emFactory"
		class="org.springframework.orm.jpa.LocalContainerEntityManagerFactoryBean">
		<property name="dataSource" ref="dataSource" />
		<property name="persistenceUnitName" value="persistence-fin-core" />
		<property name="packagesToScan">
			<list>
				<value>entity</value>
			</list>
		</property>
		<property name="jpaVendorAdapter">
			<bean class="org.springframework.orm.jpa.vendor.HibernateJpaVendorAdapter" />
		</property>
		<property name="jpaProperties">
			<props>
				<prop key="hibernate.dialect">${hibernate.dialect}</prop>
				<prop key="show_sql">${hibernate.showSql}</prop>
				<prop key="hibernate.format_sql">${hibernate.formatSql}</prop>
				<prop key="hibernate.hbm2ddl.auto">update</prop>
				<prop key="hibernate.id.new_generator_mappings">true</prop>
			</props>
		</property>
	</bean>

	<bean id="dataSource" class="org.springframework.jdbc.datasource.DriverManagerDataSource">
 
        <property name="driverClassName" value="com.microsoft.sqlserver.jdbc.SQLServerDriver" />
        <property name="url" value="jdbc:sqlserver://localhost;databaseName=testdb" />
        <property name="username" value="sa" />
        <property name="password" value="Myf1rstlove" />
    </bean>
    
    
	<!-- Bound entity manager with Spring Transaction -->
	<bean id="txManager" class="org.springframework.orm.jpa.JpaTransactionManager">
		<property name="entityManagerFactory" ref="emFactory" />
	</bean>

	<!-- Enable annotation for transaction manager -->
	<tx:annotation-driven transaction-manager="txManager" />

	<!-- Enable Spring data -->
	<jpa:repositories transaction-manager-ref="txManager"
		base-package="dao" entity-manager-factory-ref="emFactory" />
</beans>